Michi,bgm1.mp3,image0-0.jpg
Ten,bgm2.mp3,image0-1.jpg
Chi,bgm3.mp3,image0-2.jpg
Shou,bgm4.mp3,image0-3.jpg
Hou,bgm5.mp3,image0-4.jpg
Itadaki,bgm6.mp3,image1-0.jpg
Jou,bgm7.mp3,image1-1.jpg
Ryaku,bgm8.mp3,image1-2.jpg
Nana,bgm9.mp3,image1-3.jpg
Tatakau,bgm10.mp3,image1-4.jpg
Ichi,bgm11.mp3,image2-0.jpg
Nagare,bgm12.mp3,image2-1.jpg
Kou,bgm13.mp3,image2-2.jpg
Mamoru,bgm14.mp3,image2-3.jpg
Gun,bgm15.mp3,image2-4.jpg
Tomo,bgm16.mp3,image3-0.jpg
Shin,bgm17.mp3,image3-1.jpg
Jin,bgm18.mp3,image3-2.jpg
Isamu,bgm19.mp3,image3-3.jpg
Kibishi,bgm20.mp3,image3-4.jpg
Kaze,bgm21.mp3,image4-0.jpg
Hayashi,bgm22.mp3,image4-1.jpg
Hi,bgm23.mp3,image4-2.jpg
Yama,bgm24.mp3,image4-3.jpg
Umi,bgm25.mp3,image4-4.jpg
bgm1,bgm26.mp3,image1.png
bgm2,bgm27.mp3,image2.png
bgm3,bgm28.mp3,image3.png